,precision,recall,f1-score,support
red,0.6530612244897959,0.6530612244897959,0.6530612244897959,49.0
yellow,0.6808510638297872,0.6597938144329897,0.6701570680628273,97.0
green,0.7757009345794392,0.7980769230769231,0.7867298578199052,104.0
accuracy,0.716,0.716,0.716,0.716
macro avg,0.7032044076330074,0.7036439873332362,0.7033160501241761,250.0
weighted avg,0.7148618015510042,0.716,0.7153005632614575,250.0
